,count,mean,std,min,25%,50%,75%,max,missing_pct,skew,kurtosis
ShipmentId,305838.0,532154.3580849993,237516.1321212906,25.0,339221.5,527318.5,740852.75,982186.0,0.0,-0.10824235638750293,-0.9624939358642566
SourceId,305838.0,3.8824344914628006,0.4704360656831864,2.0,4.0,4.0,4.0,4.0,0.0,-3.7515842277940186,12.074463178052357
Expedited,305838.0,0.014553456405024883,0.11975683782072327,0.0,0.0,0.0,0.0,1.0,0.0,8.107256787730448,63.72802936585541
TotalMiles,305838.0,911.8890781067101,1401.5987967907759,0.0,138.0,342.0,1047.0,26288.0,0.0,3.1984367376559346,14.438592886976737
ItemCount,305838.0,1.4569249079578077,1.5089289344936123,-1.0,1.0,1.0,1.0,21.0,0.0,3.6654902573119106,12.871863878765366
NumberOfPick,305838.0,0.055444385589756666,0.23251707377366987,0.0,0.0,0.0,0.0,5.0,0.0,4.140498766198632,17.40968854000147
NumberOfDrop,305838.0,0.06689162236216559,0.3190064175605276,0.0,0.0,0.0,0.0,7.0,0.0,7.0146004933152435,69.7928923620194
TotalCost,305838.0,1045.3339415311373,1209.7158731593245,0.01,210.0,500.0,1500.0,21600.0,0.0,1.9742213589822424,5.143780447928124
Enclosed,287809.0,0.005489751884061999,0.07388933263979779,0.0,0.0,0.0,0.0,1.0,5.894950921729804,13.38525242685432,177.166213667973
Assigned,279194.0,45991.96057671712,146.5018162847285,45728.668351238426,45874.47962052084,45992.76223758102,46118.61060773439,46245.61039100694,8.711801672781014,-0.07812999404259247,-1.1560848215269146
PendingPickup,263595.0,45988.97780314324,146.12707650094842,45728.66825979167,45870.66226501736,45986.582729456015,46114.51430403357,46245.61039100694,13.812214309536422,-0.055626858341323554,-1.1511105980375396
MarketPlaceShipment,305838.0,0.4526383248647977,0.49775263115616775,0.0,0.0,0.0,1.0,1.0,0.0,0.19030330284590025,-1.9637974950451975
MarketplaceCovered,305838.0,0.021187687599317287,0.14400985141089645,0.0,0.0,0.0,0.0,1.0,0.0,6.649759566863005,42.21957838816596
OriginLatitude,305838.0,36.61120681864255,4.867588878107332,-43.6496,32.8154,37.0835,40.8572,53.5749,0.0,-0.22827629418577725,-0.6742161561437063
OriginLongitude,305838.0,-89.17949916262859,12.487666698394442,-157.8646,-97.0485,-86.8064,-80.1014,172.6416,0.0,-0.6151188927984437,0.7039597604721877
DestinationLatitude,305838.0,37.03333140224563,4.597781339944389,19.8023,33.2112,37.6026,40.814925,61.2171,0.0,-0.1899706818107985,-0.7350461423313823
DestinationLongitude,305838.0,-90.0043954629575,13.270067084919935,-157.9044,-97.0468,-87.7841,-80.0156,31.3241,0.0,-0.671605658540847,-0.24731446070331398
TotalCostLog,305838.0,6.326822192485982,1.1490901468340244,0.009950330853168,5.351858133476067,6.2166061010848646,7.313886831633462,9.980494888896912,0.0,0.16200123798628865,-1.0746487175207837
NetHeight,299679.0,69.48131130451053,14.641081641092883,0.0,63.45555555555556,67.44999999999999,74.2,1021.0,2.0138112333980733,0.45650734877019783,66.15705681259828
NetLength,299679.0,197.5601788799646,33.96586142045162,0.0,184.5,193.1,211.8,2776.0,2.0138112333980733,0.6686496729251139,228.08258959335822
NetWidth,15347.0,80.72633712836976,7.797993169573281,62.8,73.8,80.83333333333333,85.5,110.90000000000002,94.98198392613084,0.6934309882609068,0.5461374433022361
NetWheelBase,293876.0,102.0328464215582,46.03306635492231,0.0,106.3,113.0,121.6,2706.5,3.9112209731949594,-0.7991036166517778,35.757480692572116
IsEV,305838.0,0.00047410720708348863,0.021768876381210785,0.0,0.0,0.0,0.0,1.0,0.0,45.89388544187135,2104.262481586163
IsHybrid,305838.0,0.0,0.0,0.0,0.0,0.0,0.0,0.0,0.0,0.0,0.0
FuelTypeKnown,305838.0,0.008416220351951033,0.09135324227405478,0.0,0.0,0.0,0.0,1.0,0.0,10.762332722950317,113.82855001097458
TypePassengerCar,305838.0,0.0022332084306070535,0.0576221614996174,0.0,0.0,0.0,0.0,9.0,0.0,58.31466755892135,6809.877083063365
TypeSUVMinivan,305838.0,0.016724540442979618,0.21956069999434616,0.0,0.0,0.0,0.0,12.0,0.0,26.727890692629654,932.5949714640193
TypeTruckVanSmall,305838.0,0.0020958808257966637,0.05495538344043924,0.0,0.0,0.0,0.0,6.0,0.0,40.76452318190987,2632.4882017393747
TypeTruckVanMedium,305838.0,8.174262191094632e-05,0.0100674972417499,0.0,0.0,0.0,0.0,3.0,0.0,156.99179558091123,32776.482139588785
TypeTruckVanLarge,305838.0,5.55849828994435e-05,0.007881719741337332,0.0,0.0,0.0,0.0,2.0,0.0,153.57405750401344,26258.8062498366
TypeMissing,305838.0,3.6754850607184197,3.1990804324352604,0.0,1.0,2.0,6.0,34.0,0.0,1.1695455948449776,1.449009864760416
TotalWeight,294535.0,16095.127682618364,13352.234369053876,1808.0,4510.0,11318.0,28196.0,147158.0,3.695747421837705,1.005135195509994,0.8314553854774633
WeightKnown,305838.0,0.963042525781623,0.18865772099823214,0.0,1.0,1.0,1.0,1.0,0.0,-4.908842865016616,22.096882773952498
WeighedVehicleCount,305838.0,3.567800600317815,3.178917883429591,0.0,1.0,2.0,6.0,34.0,0.0,1.1588408962643042,1.3868431922748505
VehicleWeightSum,297447.0,16014.977380844319,13350.234942158066,0.0,4476.0,11221.0,28042.0,147158.0,2.743609361819002,1.0044675247632702,0.8349761290182229
VehicleWeightKnown,305838.0,0.97256390638181,0.16335067074286277,0.0,1.0,1.0,1.0,1.0,0.0,-5.785920492912144,31.477081791793616
VehicleWeightKnownCount,305838.0,3.6015243364133953,3.183888938580771,0.0,1.0,2.0,6.0,34.0,0.0,1.1586538720669957,1.372176429430453
VehicleYearMean,299692.0,2021.5572580405415,29.50189114320047,0.0,2019.7142857142856,2023.0,2025.0,2027.0,2.009560617058704,-66.87108557491571,4568.146766852448
InoperableAny,4130.0,0.8796610169491526,0.32539691113418234,0.0,1.0,1.0,1.0,1.0,98.64961188603117,-2.334656219792297,3.4522912419843683
VehicleCount,305838.0,3.6966760180226133,3.1937335651679626,1.0,1.0,2.0,6.0,34.0,0.0,1.1774883721000584,1.4642795227963226
VehicleSpecsKnown,305838.0,0.9798618876660192,0.14047289163924828,0.0,1.0,1.0,1.0,1.0,0.0,-6.8321370778413355,44.678389220665814
lead_time_days,303896.0,1.3814429936557244,4.52726339204521,-365.0,0.0,0.0,2.0,514.0,0.6349766870042309,14.368076815232579,1558.5914799481423
delivery_date_days,304806.0,0.6561550625643852,4.690043275043059,-364.0,-1.0,0.0,1.0,731.0,0.33743354324838637,29.43862426472976,3348.306878615218
TotalStops,305838.0,0.12233600795192226,0.534148594298201,0.0,0.0,0.0,0.0,9.0,0.0,4.921840399141143,28.755708918971663
TotalCost_min_2w_lane_zip3,251509.0,772.129465427197,1025.9737092035534,0.01,132.0,250.0,1087.5,10000.0,17.763979623199212,2.081648014115634,4.89423438209947
TotalCost_max_2w_lane_zip3,251509.0,1221.609391998752,1265.1669551121017,40.0,325.0,723.5,1700.0,11497.75,17.763979623199212,1.875583897124711,4.0943329583519805
TotalCost_mean_2w_lane_zip3,251509.0,985.4009967149433,1135.8866692459956,40.0,226.47916666666669,436.875,1400.0,10500.0,17.763979623199212,1.8936868107015994,3.911194499691044
TotalCost_count_2w_lane_zip3,251509.0,6.991761726220533,6.644248252363682,1.0,2.0,5.0,9.0,82.0,17.763979623199212,2.2288548739680887,6.753980781068302
TotalCost_std_2w_lane_zip3,215921.0,210.93466224241743,253.29704427193533,0.0,47.87135538781677,133.26039671760566,266.6729042662984,5427.044545606752,29.40020533746624,3.145122660370202,18.67709936449839
TotalCost_min_3m_lane_state,302606.0,292.16929955104564,452.7552344858944,1.0,75.0,125.0,315.0,14000.0,1.0567686160647138,4.9441433469402725,42.236920413582396
TotalCost_max_3m_lane_state,302606.0,2413.164406081783,1434.132673852737,40.0,1350.0,2115.9,3000.0,14000.0,1.0567686160647138,1.1259473366349346,1.823529279348278
TotalCost_mean_3m_lane_state,302606.0,1017.0264785713993,987.9769827750188,40.0,378.3438204132412,583.7527960369038,1325.9679697900665,14000.0,1.0567686160647138,1.886228980333262,3.868405737056707
TotalCost_count_3m_lane_state,302606.0,186.3203175085755,196.8855682188648,1.0,53.0,111.0,222.0,694.0,1.0567686160647138,1.3433911144099613,0.41675952785850034
TotalCost_std_3m_lane_state,300012.0,439.81822310157736,293.0458434459962,0.0,248.410567696705,406.2139435368524,545.9782773363022,9598.974554607385,1.904930061012693,2.62779022932858,20.883331813937506
TotalCost_min_6m_lane_state,303533.0,253.69140656368364,389.31766354355676,1.0,69.0,100.0,300.0,12500.0,0.753666974018925,5.5585911631214815,56.684237298518795
TotalCost_max_6m_lane_state,303533.0,2593.4744511333183,1471.4672179120787,50.0,1500.0,2250.0,3500.0,14000.0,0.753666974018925,1.0791548895110434,1.86622015416381
TotalCost_mean_6m_lane_state,303533.0,1001.6790800647939,954.1179846940546,45.0,372.05166355140193,571.720442399585,1329.6347736625514,12500.0,0.753666974018925,1.7801776585066462,3.2056110225831516
TotalCost_count_6m_lane_state,303533.0,338.07320785548853,377.93720416342927,1.0,82.0,196.0,387.0,1325.0,0.753666974018925,1.4630441835795787,0.8126391547690379
TotalCost_std_6m_lane_state,301661.0,448.1990793179992,293.82539394325937,0.0,257.2147732877093,413.88360803215096,540.1283581925015,5798.27560572969,1.365755726888091,2.3699568590567943,12.807941112829099
CreationDate_is_weekend,305838.0,0.1007624951771853,0.3010144697682604,0.0,0.0,0.0,0.0,1.0,0.0,2.6526307251932453,5.036482699820569
CreationDate_is_eoq,305838.0,0.049997057265611204,0.2179392273851133,0.0,0.0,0.0,0.0,1.0,0.0,4.129645598055411,15.05407121023577
CreationDate_is_holiday,305838.0,0.02198549558916812,0.1466362979576601,0.0,0.0,0.0,0.0,1.0,0.0,6.519772212225508,40.50769459567823
CreationDate_day_of_year_sin,305838.0,0.16214057365055615,0.7014299082734262,-0.9999994220246924,-0.4990686026885319,0.321057654185271,0.8402480696078469,0.9999855506507186,0.0,-0.34412013719887835,-1.3809380538729272
CreationDate_day_of_year_cos,305838.0,-0.08659727582867845,0.6886295006831563,-0.9999791929590824,-0.7899045386224707,-0.1190587300340498,0.5672476988027229,1.0,0.0,0.13297539813802114,-1.4424101046650841
CreationDate_day_of_week_sin,305838.0,0.22643436029809894,0.6183520121835292,-0.9749279121818236,-0.433883739117558,0.4338837391175582,0.7818314824680298,0.9749279121818236,0.0,-0.3964871643326554,-1.0836861105989968
CreationDate_day_of_week_cos,305838.0,-0.05911705864724551,0.7502509803551025,-0.9009688679024191,-0.900968867902419,-0.2225209339563143,0.6234898018587336,1.0,0.0,0.16447176180763404,-1.5706542915100967
delta_lat,305838.0,0.4221245836030838,3.5630424240318734,-19.8161,-0.9279749999999982,0.0289000000000001,1.2727999999999966,79.811,0.0,0.8111370356383923,4.737295229121978
delta_lon,305838.0,-0.8248963003289319,7.134743477287436,-268.4397,-1.517399999999995,-0.0819999999999936,1.2914000000000065,105.6428,0.0,-1.2979122898498554,18.44290887715542
HaversineMiles,305838.0,285.43771652979484,368.76836181295465,0.0,56.80702273389655,139.37255892333516,362.47277129040776,8952.622775261925,0.0,2.5288568072331885,9.411901689712256
LengthOfHaul,305838.0,1.5829295247810933,1.596974121670467,-1.0,0.0,1.0,3.0,4.0,0.0,0.4369576030221649,-1.3729395636956643
OriginZipZone,305681.0,4.476951462472316,2.7165947454526287,0.0,2.0,4.0,7.0,10.0,0.05133436656007429,-0.1663171074670282,-1.2417322954571697
DestinationZipZone,305651.0,4.519160742153633,2.83455607004471,0.0,2.0,4.0,7.0,10.0,0.06114348118938784,-0.1241900952980056,-1.3041774962775918
ChangeMatrix_InboundIndex,305838.0,-0.40652894669727113,0.7101312630300319,-1.0,-1.0,-1.0,0.0,1.0,0.0,0.7698151172744317,-0.6780701113420133
ChangeMatrix_OutboundIndex,305838.0,-0.7064982114714325,0.5664197875382819,-1.0,-1.0,-1.0,-1.0,1.0,0.0,1.79471198236415,2.165280603216917
Origin_RUCC_2023,305838.0,1.6525529855675227,1.1563176906692878,1.0,1.0,1.0,2.0,9.0,0.0,2.811609826764694,10.226272048457334
Destination_RUCC_2023,305838.0,1.5483164289591222,1.1717987198955984,1.0,1.0,1.0,2.0,9.0,0.0,3.3210029777163936,13.179467245022886
Origin_Heavy_Wage,305681.0,27.829020580278133,1.5978962157729797,24.67,26.64,27.15,28.7,32.52,0.05133436656007429,1.3087587117040045,1.6325458142013356
Origin_Heavy_LQ,305681.0,1.0383431767953166,0.25707597897852363,0.0900000035762786,0.8700000047683716,1.0700000524520874,1.1399999856948853,1.870000004768372,0.05133436656007429,0.07032068532276682,1.0452472743276826
Origin_Heavy_Employment,305681.0,91299.96862742532,73344.55930791746,830.0,37490.0,59910.0,105730.0,212700.0,0.05133436656007429,0.8609870099036102,-0.8891729558102623
Origin_Heavy_EmploymentPer1000,305681.0,13.95051710881945,3.4539031964176963,1.1720000505447388,11.72599983215332,14.395000457763672,15.361000061035156,25.054000854492188,0.05133436656007429,0.05622508909855269,1.0126928202876342
Origin_Light_Wage,305681.0,22.829839342320916,1.2164969515752617,20.34,22.28,22.38,23.96,25.44,0.05133436656007429,0.14658259312886135,-0.8589696390461254
Origin_Light_LQ,305681.0,0.9846915624320809,0.18245439508864372,0.1199999973177909,0.8199999928474426,0.9399999976158142,1.090000033378601,1.5,0.05133436656007429,0.7682039007226763,0.09893343138044264
Origin_Light_Employment,305681.0,39039.69487799372,26799.631004536775,570.0,18100.0,29110.0,71340.0,117250.0,0.05133436656007429,0.7856651146962798,-0.033886718147992934
Origin_Light_EmploymentPer1000,305681.0,6.349572441277986,1.1748286408733801,0.8050000071525574,5.315000057220459,6.045000076293945,7.046000003814697,9.68000030517578,0.05133436656007429,0.7903176968436507,0.15413729977518287
Destination_Heavy_Wage,305651.0,27.870524912400093,1.6134115159258298,24.67,26.64,27.4,28.7,32.52,0.06114348118938784,0.9705707179769124,0.8654840125214136
Destination_Heavy_LQ,305651.0,1.0213813832744791,0.24611407049372808,0.0900000035762786,0.8700000047683716,1.0199999809265137,1.1399999856948853,1.870000004768372,0.06114348118938784,0.0948976912677621,0.6147926827678534
Destination_Heavy_Employment,305651.0,88686.78725081874,70493.87489290914,830.0,38530.0,61410.0,105730.0,212700.0,0.06114348118938784,0.9747734155516459,-0.6311478049565933
Destination_Heavy_EmploymentPer1000,305651.0,13.72499988657202,3.3076352036581884,1.1720000505447388,11.72599983215332,13.644000053405762,15.361000061035156,25.054000854492188,0.06114348118938784,0.08068380519021989,0.5992406109569943
Destination_Light_Wage,305651.0,22.89196191080677,1.3024828435458486,20.34,22.28,22.46,24.23,29.28,0.06114348118938784,-0.043650822710097355,-0.9635366146782554
Destination_Light_LQ,305651.0,0.9875712563393827,0.17701118112424347,0.1199999973177909,0.8299999833106995,0.9900000095367432,1.090000033378601,1.5,0.06114348118938784,0.6937610150991547,-0.10803329876971013
Destination_Light_Employment,305651.0,39784.47804849321,27905.54320728156,570.0,18100.0,35290.0,71340.0,117250.0,0.06114348118938784,0.9810603848877028,0.42987348885854226
Destination_Light_EmploymentPer1000,305651.0,6.366299316209574,1.1393219766688758,0.8050000071525574,5.324999809265137,6.385000228881836,7.046000003814697,9.68000030517578,0.06114348118938784,0.7184491135818355,-0.05033727877332339
TotalCostOriginMean,305838.0,6.314144668503003,0.9553364467045353,4.140679245317741,5.509895430782303,6.215046249571569,7.089933191417849,8.65420691023802,0.0,0.18328491951221915,-1.0849414187294903
TotalCostDestinationMean,305838.0,6.307987618592266,0.8995416585656132,4.641557165497284,5.500694403810215,6.199537579426556,7.07853563516367,8.516913738749663,0.0,0.27092672175671834,-1.0863826872300295
AutoInventorySalesRatio,305813.0,1.3819176261310016,0.12797255497726792,0.47,1.284,1.412,1.454,1.611,0.008174262191094631,-0.568239250198426,0.0003866120417521657
AutoManufacturerInventoryValue,305813.0,8872.011778439766,221.3410082966899,6403.0,8786.0,8920.0,8975.0,9506.0,0.008174262191094631,-0.5221345399848872,-0.3300181802804527
AutoPersonalConsumptionExpenditures,305813.0,45.70943936654099,1.9470118531605138,43.294,43.57,46.976,47.568,60.595,0.008174262191094631,-0.02223764565320645,-1.5864769277630313
FreightTSIndex,305813.0,137.52473243452698,0.9088051850204732,132.9,136.7,137.2,138.3,139.3,0.008174262191094631,0.48210410972415163,-0.9409794317140894
FreightTSIndexChange,305813.0,-0.19032317134981183,0.8448518511024418,-2.5,-0.7,-0.2,0.4,2.4,0.008174262191094631,0.45117145808523124,-0.6525715870530235
TruckTonnageIndex,305813.0,114.20655531321428,1.3657483752124244,111.1,113.3,113.9,114.3,117.9,0.008174262191094631,1.0341173003273119,0.35043977216153577
AutoManufacturerValueOfShipments,305813.0,12507.89837253485,716.9197247022626,7240.0,12037.0,12227.0,13244.0,13724.0,0.008174262191094631,0.3171146759284062,-1.291855934439778
AutoIPManufacturing,305813.0,77.78454452263313,2.300631151131279,71.0761,76.8143,76.8143,78.6829,104.9979,0.008174262191094631,1.2977386229288133,4.8650493848613845
TotalManufacturerInventoryValue,305813.0,950872.5270050652,7060.947523036669,777012.0,946202.0,948592.0,956676.0,962917.0,0.008174262191094631,0.525249644441346,0.5858757995299149
TotalManufacturerValueofShipments,305813.0,618723.7406127274,19751.475793345708,525686.0,602992.0,608530.0,634727.0,653231.0,0.008174262191094631,0.7395137835568499,-1.0678655718296541
TotalManufacturerInventoryShipmentsRatios,305813.0,1.538968192980678,0.03715115313047574,1.47,1.51,1.56,1.57,1.61,0.008174262191094631,-0.7275167187322831,-1.1276355955911908
ConsumerGoodsIndustrialProduction,305813.0,97.69145423837443,0.7446310266863835,95.9724,97.1991,97.7022,98.2645,101.6584,0.008174262191094631,-0.24637957382091344,-0.35005871159074076
TruckingProducerPriceIndex,305813.0,205.5723644645584,11.763491296899161,172.697,198.2,201.917,209.128,225.722,0.008174262191094631,0.6915603693808583,-0.7819896541064448
TruckingLDProducerPriceIndex,305813.0,181.08150222194607,13.58275307580201,170.064,171.135,174.711,184.635,226.516,0.008174262191094631,1.1082090414031829,-0.45660249175221557
TotalVehicleSales,305813.0,16.613445523898594,0.711654425604748,13.123,16.043,16.66,16.998,18.35,0.008174262191094631,0.2075972182011016,0.7101998836482526
CapitalGoodsManufacturersNewOrders,305813.0,79303.78093802421,3580.2998185903,70638.0,76049.0,78621.0,82778.0,85393.0,0.008174262191094631,0.4966023136529859,-1.1605372734445507
LightWeightVehicleSales,305813.0,16.199789766949085,0.6903872636918507,12.662,15.669,16.293,16.56,17.892,0.008174262191094631,0.19303502666522557,0.8028320412902463
CapitalGoodsManufacturersValueOfShipments,305813.0,78450.4915520269,2666.7707224364917,67572.0,75958.0,78015.0,80833.0,83066.0,0.008174262191094631,0.3699407057972041,-1.150997148372958
ConsumerPriceInflation,305813.0,2.9499447486257675,0.03820090740483082,2.94952520485207,2.94952520485207,2.94952520485207,2.94952520485207,8.00279982052121,0.008174262191094631,118.04458827645409,15159.086202948605
AllCommoditiesProducerPriceIndex,305813.0,268.28460320522674,11.194200260231861,231.85,260.491,262.11,276.046,290.489,0.008174262191094631,0.8851560226965851,-0.8617057900966834
RecessionIndicator,305813.0,0.21539823356103244,0.10164345810200563,-0.27,0.13,0.23,0.27,0.57,0.008174262191094631,0.30120186214637623,-0.5267642293256891
TotalBusinessInventories,305813.0,2685663.2146082735,30923.81306269805,2094809.0,2660978.0,2676717.0,2712902.0,2736158.0,0.008174262191094631,0.571569532350593,-0.4677466306261948
OriginGasPrice,305656.0,3.3678372582249327,0.6548164584352918,2.336,2.911,3.13,3.835,6.087,0.05950862875116893,1.2769876284199848,1.5963068968646033
DestinationGasPrice,305626.0,3.419005905911146,0.6872755435511176,2.336,2.956,3.156,3.88,6.087,0.06931774338048248,1.2076922475625425,1.2515184258031238
OriginWDieselPrice,305656.0,4.131727010102861,0.8091481836717697,3.097,3.528,3.808,4.808,7.567,0.05950862875116893,1.0454109652750487,0.22858795823834965
DestinationWDieselPrice,305626.0,4.171669969178015,0.8229199245504027,3.083,3.568,3.875,4.877,7.567,0.06931774338048248,1.0491955139450577,0.37117987735583213
OriginMDieselPrice,305656.0,4.0930816866019315,0.7815961874985552,3.164,3.505,3.791,4.7,7.42,0.05950862875116893,1.1506037191573038,0.6563132398547711
DestinationMDieselPrice,305626.0,4.132819023905035,0.7955063574671507,3.08,3.569,3.857,4.785,7.42,0.06931774338048248,1.1457193086520783,0.7519841449561078
OriginZip3_TE,305838.0,6.301708082391288,0.8224623398527469,4.856852203916065,5.601256353849239,6.181133919027273,7.018587030872856,7.950848427292574,0.0,0.341609493282321,-1.066799905271704
DestinationZip3_TE,305838.0,6.285085245363804,0.7261046887576269,4.916821941590087,5.648580593806829,6.288776601605605,6.852353509670529,8.199226281668412,0.0,0.08070628050665626,-0.9918242822617853
TotalMiles_TE,305838.0,6.2077009281936615,0.9122540316329714,4.89530740353052,5.476945499583692,5.91352111478555,7.160624143660444,8.058577872209728,0.0,0.36314255030159787,-1.26561963811652
